{"stats":{"minecraft:mined":{"minecraft:short_grass":2,"minecraft:oak_log":6,"minecraft:oak_leaves":1},"minecraft:custom":{"minecraft:jump":124,"minecraft:time_since_rest":5596,"minecraft:damage_dealt":401,"minecraft:play_time":5596,"minecraft:leave_game":2,"minecraft:sprint_one_cm":14027,"minecraft:damage_taken":50,"minecraft:time_since_death":5596,"minecraft:walk_one_cm":10193,"minecraft:total_world_time":5596,"minecraft:mob_kills":3,"minecraft:fall_one_cm":4302,"minecraft:fly_one_cm":18573,"minecraft:player_kills":1},"minecraft:killed":{"minecraft:sheep":3},"minecraft:picked_up":{"minecraft:oak_log":6,"minecraft:mutton":3,"minecraft:white_wool":3},"minecraft:used":{"minecraft:mutton":1},"minecraft:crafted":{"minecraft:oak_planks":24}},"DataVersion":3700}