{"stats":{"minecraft:mined":{"minecraft:short_grass":11},"minecraft:custom":{"minecraft:time_since_rest":2041,"minecraft:crouch_one_cm":516,"minecraft:deaths":1,"minecraft:play_time":13259,"minecraft:sprint_one_cm":7998,"minecraft:damage_taken":264,"minecraft:walk_one_cm":8528,"minecraft:sneak_time":239,"minecraft:walk_under_water_one_cm":3917,"minecraft:mob_kills":5,"minecraft:jump":285,"minecraft:damage_dealt":873,"minecraft:leave_game":2,"minecraft:walk_on_water_one_cm":656,"minecraft:time_since_death":2014,"minecraft:total_world_time":13259,"minecraft:fall_one_cm":9023,"minecraft:fly_one_cm":39672,"minecraft:player_kills":1},"minecraft:killed":{"minecraft:horse":1,"minecraft:chicken":4},"minecraft:picked_up":{"minecraft:feather":1,"minecraft:chicken":2,"minecraft:leather":4,"minecraft:wheat_seeds":1},"minecraft:killed_by":{"minecraft:player":1}},"DataVersion":3700}