{"stats":{"minecraft:used":{"minecraft:ice":1},"minecraft:custom":{"minecraft:jump":77,"minecraft:time_since_rest":6602,"minecraft:crouch_one_cm":107,"minecraft:walk_on_water_one_cm":4472,"minecraft:sprint_one_cm":2991,"minecraft:leave_game":1,"minecraft:play_time":6602,"minecraft:damage_taken":30,"minecraft:time_since_death":6602,"minecraft:walk_one_cm":1426,"minecraft:sneak_time":106,"minecraft:total_world_time":6602,"minecraft:walk_under_water_one_cm":11181,"minecraft:swim_one_cm":452,"minecraft:fall_one_cm":566,"minecraft:fly_one_cm":149104}},"DataVersion":3700}