{"stats":{"minecraft:killed_by":{"minecraft:skeleton":1},"minecraft:mined":{"minecraft:short_grass":3,"minecraft:oak_log":8,"minecraft:stripped_oak_log":1},"minecraft:used":{"minecraft:spruce_boat":2,"minecraft:stone_axe":11,"minecraft:firework_rocket":67,"minecraft:stone_sword":3,"minecraft:baked_potato":5,"minecraft:elytra":1,"minecraft:ice":1},"minecraft:custom":{"minecraft:open_chest":1,"minecraft:time_since_rest":19291,"minecraft:crouch_one_cm":496,"minecraft:damage_taken":630,"minecraft:play_time":62751,"minecraft:sprint_one_cm":93714,"minecraft:walk_one_cm":85508,"minecraft:deaths":2,"minecraft:sneak_time":1286,"minecraft:walk_under_water_one_cm":49438,"minecraft:mob_kills":1,"minecraft:boat_one_cm":64575,"minecraft:aviate_one_cm":1218365,"minecraft:jump":1302,"minecraft:damage_dealt":40,"minecraft:walk_on_water_one_cm":29788,"minecraft:leave_game":4,"minecraft:time_since_death":19271,"minecraft:climb_one_cm":705,"minecraft:total_world_time":62751,"minecraft:swim_one_cm":6318,"minecraft:fall_one_cm":7127,"minecraft:fly_one_cm":1974443},"minecraft:picked_up":{"minecraft:stripped_oak_log":1,"minecraft:oak_log":7,"minecraft:player_head":1,"minecraft:poppy":8},"minecraft:killed":{"minecraft:chicken":1}},"DataVersion":3700}