{"stats":{"minecraft:killed_by":{"minecraft:skeleton":1},"minecraft:mined":{"minecraft:short_grass":3,"minecraft:oak_log":8,"minecraft:stripped_oak_log":1},"minecraft:used":{"minecraft:spruce_boat":3,"minecraft:stone_axe":11,"minecraft:firework_rocket":91,"minecraft:stone_sword":6,"minecraft:baked_potato":5,"minecraft:elytra":1,"minecraft:ice":1,"minecraft:experience_bottle":520},"minecraft:custom":{"minecraft:open_chest":1,"minecraft:time_since_rest":61291,"minecraft:crouch_one_cm":496,"minecraft:damage_taken":630,"minecraft:play_time":104751,"minecraft:sprint_one_cm":110850,"minecraft:walk_one_cm":94267,"minecraft:deaths":2,"minecraft:sneak_time":1311,"minecraft:walk_under_water_one_cm":52276,"minecraft:mob_kills":1,"minecraft:boat_one_cm":69167,"minecraft:aviate_one_cm":2566866,"minecraft:jump":1595,"minecraft:damage_dealt":256,"minecraft:walk_on_water_one_cm":30218,"minecraft:leave_game":4,"minecraft:time_since_death":61271,"minecraft:climb_one_cm":705,"minecraft:total_world_time":104751,"minecraft:swim_one_cm":6318,"minecraft:fall_one_cm":7127,"minecraft:fly_one_cm":2310223},"minecraft:picked_up":{"minecraft:stripped_oak_log":1,"minecraft:oak_log":7,"minecraft:player_head":1,"minecraft:poppy":8},"minecraft:killed":{"minecraft:chicken":1}},"DataVersion":3700}