{
  "minecraft:recipes/decorations/crafting_table": {
    "criteria": {
      "unlock_right_away": "2024-09-20 06:03:51 +0000"
    },
    "done": true
  },
  "minecraft:recipes/decorations/torch": {
    "criteria": {
      "has_stone_pickaxe": "2024-09-20 06:03:52 +0000"
    },
    "done": true
  },
  "minecraft:story/upgrade_tools": {
    "criteria": {
      "stone_pickaxe": "2024-09-20 06:03:52 +0000"
    },
    "done": true
  },
  "stellarity:cursed_tome/root": {
    "criteria": {
      "requirement": "2024-09-20 06:18:44 +0000"
    },
    "done": true
  },
  "furnaceplus:furnaceplus": {
    "criteria": {
      "trigger": "2024-09-20 06:18:44 +0000"
    },
    "done": true
  },
  "blazeandcave:bacap/time_to_chop": {
    "criteria": {
      "stone_axe": "2024-09-20 06:18:44 +0000"
    },
    "done": true
  },
  "vanilla_refresh:player/end_teleport": {
    "criteria": {
      "s3": "2024-09-20 06:18:44 +0000"
    },
    "done": false
  },
  "incendium:technical/new_player": {
    "criteria": {
      "requirement": "2024-09-20 06:18:44 +0000"
    },
    "done": true
  },
  "mt:load": {
    "criteria": {
      "requirement": "2024-09-20 06:18:44 +0000"
    },
    "done": true
  },
  "blazeandcave:bacap/time_to_strike": {
    "criteria": {
      "stone_sword": "2024-09-20 06:18:44 +0000"
    },
    "done": true
  },
  "blazeandcave:bacap/time_to_dig": {
    "criteria": {
      "stone_shovel": "2024-09-20 06:18:44 +0000"
    },
    "done": true
  },
  "blazeandcave:mining/moar_tools": {
    "criteria": {
      "stone_shovel": "2024-09-20 06:18:44 +0000",
      "stone_pickaxe": "2024-09-20 06:18:44 +0000",
      "stone_axe": "2024-09-20 06:18:44 +0000"
    },
    "done": false
  },
  "blazeandcave:weaponry/root": {
    "criteria": {
      "sword": "2024-09-20 06:18:44 +0000"
    },
    "done": true
  },
  "blazeandcave:challenges/stack_all_the_items": {
    "criteria": {
      "spruce_boat": "2024-09-20 06:38:20 +0000",
      "stone_shovel": "2024-09-20 06:18:44 +0000",
      "elytra": "2024-09-21 02:36:48 +0000",
      "firework_rocket": "2024-09-21 02:42:39 +0000",
      "oak_boat": "2024-09-20 06:38:07 +0000",
      "stone_sword": "2024-09-20 06:18:44 +0000",
      "stone_pickaxe": "2024-09-20 06:18:44 +0000",
      "iron_helmet": "2024-09-21 02:37:25 +0000",
      "stone_axe": "2024-09-20 06:18:44 +0000",
      "enchanted_book": "2024-09-21 02:37:05 +0000"
    },
    "done": false
  },
  "blazeandcave:bacap/time_to_mine": {
    "criteria": {
      "stone_pickaxe": "2024-09-20 06:18:44 +0000"
    },
    "done": true
  },
  "global:root": {
    "criteria": {
      "trigger": "2024-09-20 06:18:44 +0000"
    },
    "done": true
  },
  "global:dataplus": {
    "criteria": {
      "trigger": "2024-09-20 06:18:44 +0000"
    },
    "done": true
  },
  "blazeandcave:mining/root": {
    "criteria": {
      "pickaxe": "2024-09-20 06:18:44 +0000"
    },
    "done": true
  },
  "blazeandcave:challenges/all_the_items": {
    "criteria": {
      "spruce_boat": "2024-09-20 06:38:20 +0000",
      "stone_shovel": "2024-09-20 06:18:44 +0000",
      "elytra": "2024-09-21 02:36:48 +0000",
      "potato": "2024-09-20 06:47:34 +0000",
      "firework_rocket": "2024-09-21 02:36:52 +0000",
      "oak_boat": "2024-09-20 06:38:07 +0000",
      "baked_potato": "2024-09-20 06:40:04 +0000",
      "stone_sword": "2024-09-20 06:18:44 +0000",
      "stone_pickaxe": "2024-09-20 06:18:44 +0000",
      "iron_helmet": "2024-09-21 02:37:25 +0000",
      "stone_axe": "2024-09-20 06:18:44 +0000",
      "enchanted_book": "2024-09-21 02:37:05 +0000"
    },
    "done": false
  },
  "vanilla_refresh:player/tick": {
    "criteria": {
      "s": "2024-09-20 06:18:44 +0000"
    },
    "done": true
  },
  "blazeandcave:monsters/root": {
    "criteria": {
      "sword": "2024-09-20 06:18:44 +0000"
    },
    "done": true
  },
  "global:z0rillac": {
    "criteria": {
      "trigger": "2024-09-20 06:18:44 +0000"
    },
    "done": true
  },
  "minecraft:adventure/adventuring_time": {
    "criteria": {
      "frozen_ocean": "2024-09-20 06:18:45 +0000",
      "forest": "2024-09-20 06:32:02 +0000",
      "snowy_plains": "2024-09-20 06:21:50 +0000",
      "taiga": "2024-09-20 06:29:07 +0000",
      "cold_ocean": "2024-09-20 06:22:07 +0000",
      "snowy_slopes_or_grove": "2024-09-20 06:48:21 +0000",
      "swamp": "2024-09-20 06:30:40 +0000",
      "snowy_taiga": "2024-09-20 06:27:42 +0000",
      "peaks": "2024-09-21 02:44:43 +0000",
      "windswept_hills": "2024-09-20 06:27:20 +0000",
      "plains": "2024-09-20 06:26:07 +0000",
      "beach": "2024-09-20 06:19:43 +0000",
      "river": "2024-09-20 06:22:17 +0000",
      "meadow": "2024-09-20 06:48:20 +0000"
    },
    "done": false
  },
  "blazeandcave:biomes/the_sea_calls_you": {
    "criteria": {
      "ocean": "2024-09-20 06:18:45 +0000"
    },
    "done": true
  },
  "blazeandcave:bacap/advancement_legend": {
    "criteria": {
      "time_to_strike": "2024-09-20 06:18:45 +0000",
      "im_in_space": "2024-09-21 02:37:25 +0000",
      "bacap_root": "2024-09-20 06:18:45 +0000",
      "sky_high": "2024-09-21 02:37:06 +0000",
      "do_you_want_to_trade": "2024-09-20 06:48:58 +0000",
      "smooth_operator": "2024-09-20 06:18:45 +0000",
      "the_first_night": "2024-09-20 06:37:32 +0000",
      "skys_the_limit": "2024-09-21 02:36:48 +0000",
      "mining_root": "2024-09-20 06:18:45 +0000",
      "challenges_root": "2024-09-21 02:36:48 +0000",
      "take_to_the_skies": "2024-09-21 02:42:40 +0000",
      "time_to_dig": "2024-09-20 06:18:45 +0000",
      "heart_of_darkness": "2024-09-20 06:30:06 +0000",
      "ladder_climbers_inc": "2024-09-21 02:35:17 +0000",
      "weaponry_root": "2024-09-20 06:18:45 +0000",
      "tarzan": "2024-09-20 06:31:13 +0000",
      "the_sea_calls_you": "2024-09-20 06:18:45 +0000",
      "secret_of_the_igloo": "2024-09-21 02:35:08 +0000",
      "thin_ice": "2024-09-20 06:21:42 +0000",
      "time_to_chop": "2024-09-20 06:18:45 +0000",
      "cold_feet": "2024-09-20 06:27:43 +0000",
      "animal_root": "2024-09-20 06:47:35 +0000",
      "for_you_my_sweet": "2024-09-20 06:40:45 +0000",
      "monsters_root": "2024-09-20 06:18:45 +0000",
      "pushed_around": "2024-09-20 06:30:21 +0000",
      "boaty_mcboatface": "2024-09-20 06:38:29 +0000",
      "fireworks_display": "2024-09-21 02:36:53 +0000",
      "statistics_root": "2024-09-20 06:37:33 +0000",
      "trimming_the_treetops": "2024-09-20 06:26:04 +0000",
      "time_to_mine": "2024-09-20 06:18:45 +0000",
      "adventure_root": "2024-09-20 06:57:22 +0000",
      "kilometre_walk": "2024-09-20 06:29:45 +0000",
      "getting_wood": "2024-09-20 06:40:53 +0000",
      "biomes_root": "2024-09-20 06:57:22 +0000",
      "just_keep_swimming": "2024-09-20 06:18:55 +0000",
      "spring_in_your_step": "2024-09-21 02:34:58 +0000",
      "disen_berry_berry_bad": "2024-09-20 06:29:14 +0000",
      "great_view_from_up_here": "2024-09-21 02:37:14 +0000",
      "getting_an_upgrade": "2024-09-20 06:18:45 +0000",
      "die_potato": "2024-09-20 06:47:35 +0000"
    },
    "done": false
  },
  "blazeandcave:bacap/biomes_milestone": {
    "criteria": {
      "cold_feet": "2024-09-20 06:27:43 +0000",
      "kilometre_walk": "2024-09-20 06:29:45 +0000",
      "just_keep_swimming": "2024-09-20 06:18:55 +0000",
      "for_you_my_sweet": "2024-09-20 06:40:45 +0000",
      "root": "2024-09-20 06:57:22 +0000",
      "pushed_around": "2024-09-20 06:30:21 +0000",
      "smooth_operator": "2024-09-20 06:18:45 +0000",
      "boaty_mcboatface": "2024-09-20 06:38:29 +0000",
      "tarzan": "2024-09-20 06:31:13 +0000",
      "the_sea_calls_you": "2024-09-20 06:18:45 +0000",
      "thin_ice": "2024-09-20 06:21:42 +0000"
    },
    "done": false
  },
  "ketket_shops:sp_adv_1": {
    "criteria": {
      "requirement": "2024-09-20 06:18:45 +0000"
    },
    "done": true
  },
  "blazeandcave:challenges/explorer_of_worlds": {
    "criteria": {
      "frozen_ocean": "2024-09-20 06:18:45 +0000",
      "frozen_river": "2024-09-20 06:22:17 +0000",
      "forest": "2024-09-20 06:32:02 +0000",
      "stony_shore": "2024-09-20 06:56:06 +0000",
      "dripstone_caves": "2024-09-20 06:30:07 +0000",
      "snowy_plains": "2024-09-20 06:21:50 +0000",
      "taiga": "2024-09-20 06:29:07 +0000",
      "snowy_slopes": "2024-09-20 06:48:21 +0000",
      "cold_ocean": "2024-09-20 06:22:07 +0000",
      "swamp": "2024-09-20 06:30:40 +0000",
      "snowy_taiga": "2024-09-20 06:27:42 +0000",
      "grove": "2024-09-20 06:50:06 +0000",
      "ice_spikes": "2024-09-20 06:26:53 +0000",
      "windswept_hills": "2024-09-20 06:27:24 +0000",
      "plains": "2024-09-20 06:26:07 +0000",
      "beach": "2024-09-20 06:25:54 +0000",
      "windswept_forest": "2024-09-20 06:27:52 +0000",
      "frozen_peaks": "2024-09-21 02:44:43 +0000",
      "river": "2024-09-20 06:26:43 +0000",
      "windswept_gravelly_hills": "2024-09-20 06:27:20 +0000",
      "meadow": "2024-09-20 06:48:20 +0000",
      "snowy_beach": "2024-09-20 06:19:43 +0000"
    },
    "done": false
  },
  "blazeandcave:bacap/weaponry_milestone": {
    "criteria": {
      "root": "2024-09-20 06:18:45 +0000",
      "fireworks_display": "2024-09-21 02:36:53 +0000"
    },
    "done": false
  },
  "blazeandcave:bacap/root": {
    "criteria": {
      "location": "2024-09-20 06:18:45 +0000"
    },
    "done": true
  },
  "blazeandcave:biomes/smooth_operator": {
    "criteria": {
      "smooth_operator": "2024-09-20 06:18:45 +0000"
    },
    "done": true
  },
  "incendium:technical/using/shield": {
    "criteria": {
      "log_spam_fixer": "2024-09-20 06:18:45 +0000"
    },
    "done": false
  },
  "incendium:technical/scroll_of_returning": {
    "criteria": {
      "log_spam_fixer": "2024-09-20 06:18:45 +0000"
    },
    "done": false
  },
  "blazeandcave:bacap/mining_milestone": {
    "criteria": {
      "root": "2024-09-20 06:18:45 +0000",
      "heart_of_darkness": "2024-09-20 06:30:06 +0000",
      "getting_an_upgrade": "2024-09-20 06:18:45 +0000"
    },
    "done": false
  },
  "incendium:technical/using/ragnarok": {
    "criteria": {
      "log_spam_fixer": "2024-09-20 06:18:45 +0000"
    },
    "done": false
  },
  "ketkets:main": {
    "criteria": {
      "requirement": "2024-09-20 06:18:45 +0000"
    },
    "done": true
  },
  "blazeandcave:bacap/monsters_milestone": {
    "criteria": {
      "root": "2024-09-20 06:18:45 +0000"
    },
    "done": false
  },
  "incendium:technical/using/trailblazer": {
    "criteria": {
      "log_spam_fixer": "2024-09-20 06:18:45 +0000"
    },
    "done": false
  },
  "blazeandcave:biomes/wet_feet": {
    "criteria": {
      "frozen_ocean": "2024-09-20 06:18:45 +0000",
      "beach": "2024-09-20 06:25:54 +0000",
      "river": "2024-09-20 06:26:43 +0000",
      "cold_ocean": "2024-09-20 06:22:07 +0000"
    },
    "done": false
  },
  "minecraft:recipes/transportation/cherry_boat": {
    "criteria": {
      "in_water": "2024-09-20 06:18:55 +0000"
    },
    "done": true
  },
  "minecraft:recipes/transportation/bamboo_raft": {
    "criteria": {
      "in_water": "2024-09-20 06:18:55 +0000"
    },
    "done": true
  },
  "vanilla_refresh:biome/ocean": {
    "criteria": {
      "requirement": "2024-09-20 06:18:55 +0000"
    },
    "done": true
  },
  "minecraft:recipes/transportation/acacia_boat": {
    "criteria": {
      "in_water": "2024-09-20 06:18:55 +0000"
    },
    "done": true
  },
  "minecraft:recipes/transportation/jungle_boat": {
    "criteria": {
      "in_water": "2024-09-20 06:18:55 +0000"
    },
    "done": true
  },
  "minecraft:recipes/transportation/spruce_boat": {
    "criteria": {
      "in_water": "2024-09-20 06:18:55 +0000"
    },
    "done": true
  },
  "minecraft:recipes/transportation/birch_boat": {
    "criteria": {
      "in_water": "2024-09-20 06:18:55 +0000"
    },
    "done": true
  },
  "minecraft:recipes/transportation/oak_boat": {
    "criteria": {
      "in_water": "2024-09-20 06:18:55 +0000"
    },
    "done": true
  },
  "minecraft:recipes/transportation/mangrove_boat": {
    "criteria": {
      "in_water": "2024-09-20 06:18:55 +0000"
    },
    "done": true
  },
  "blazeandcave:biomes/just_keep_swimming": {
    "criteria": {
      "enter_water": "2024-09-20 06:18:55 +0000"
    },
    "done": true
  },
  "blazeandcave:technical/fail_dragon_vs": {
    "criteria": {
      "enter_water": "2024-09-20 06:18:55 +0000"
    },
    "done": true
  },
  "minecraft:recipes/transportation/dark_oak_boat": {
    "criteria": {
      "in_water": "2024-09-20 06:18:55 +0000"
    },
    "done": true
  },
  "blazeandcave:biomes/cold_feet": {
    "criteria": {
      "frozen_river": "2024-09-20 06:22:17 +0000",
      "ice_spikes": "2024-09-20 06:26:53 +0000",
      "snowy_plains": "2024-09-20 06:21:50 +0000",
      "snowy_taiga": "2024-09-20 06:27:42 +0000",
      "snowy_beach": "2024-09-20 06:19:43 +0000"
    },
    "done": true
  },
  "blazeandcave:biomes/thin_ice": {
    "criteria": {
      "ice": "2024-09-20 06:21:42 +0000"
    },
    "done": true
  },
  "blazeandcave:challenges/all_the_blocks": {
    "criteria": {
      "oak_log": "2024-09-20 06:40:52 +0000",
      "poppy": "2024-09-20 06:40:44 +0000",
      "ice": "2024-09-20 06:21:42 +0000",
      "oak_leaves": "2024-09-20 06:26:04 +0000",
      "stripped_oak_log": "2024-09-20 06:40:58 +0000"
    },
    "done": false
  },
  "minecraft:recipes/building_blocks/packed_ice": {
    "criteria": {
      "has_ice": "2024-09-20 06:21:42 +0000"
    },
    "done": true
  },
  "vanilla_refresh:biome/snowy_plains": {
    "criteria": {
      "requirement": "2024-09-20 06:21:50 +0000"
    },
    "done": true
  },
  "blazeandcave:bacap/farming_milestone": {
    "criteria": {
      "disen_berry_berry_bad": "2024-09-20 06:29:14 +0000",
      "trimming_the_treetops": "2024-09-20 06:26:04 +0000",
      "die_potato": "2024-09-20 06:47:35 +0000"
    },
    "done": false
  },
  "blazeandcave:farming/trimming_the_treetops": {
    "criteria": {
      "leaves": "2024-09-20 06:26:04 +0000"
    },
    "done": true
  },
  "blazeandcave:biomes/one_with_the_forest": {
    "criteria": {
      "forest": "2024-09-20 06:32:02 +0000",
      "taiga": "2024-09-20 06:29:07 +0000",
      "plains": "2024-09-20 06:26:07 +0000"
    },
    "done": false
  },
  "vanilla_refresh:biome/plains": {
    "criteria": {
      "requirement": "2024-09-20 06:26:08 +0000"
    },
    "done": true
  },
  "vanilla_refresh:biome/ice_spikes": {
    "criteria": {
      "requirement": "2024-09-20 06:26:52 +0000"
    },
    "done": true
  },
  "blazeandcave:biomes/high_feet": {
    "criteria": {
      "stony_shore": "2024-09-20 06:56:06 +0000",
      "grove": "2024-09-20 06:50:06 +0000",
      "windswept_hills": "2024-09-20 06:27:24 +0000",
      "windswept_forest": "2024-09-20 06:27:52 +0000",
      "snowy_slopes": "2024-09-20 06:48:21 +0000",
      "windswept_gravelly_hills": "2024-09-20 06:27:20 +0000",
      "frozen_peaks": "2024-09-21 02:44:43 +0000",
      "meadow": "2024-09-20 06:48:20 +0000"
    },
    "done": false
  },
  "vanilla_refresh:biome/windswept_hills": {
    "criteria": {
      "requirement": "2024-09-20 06:27:21 +0000"
    },
    "done": true
  },
  "vanilla_refresh:biome/snowy_taiga": {
    "criteria": {
      "requirement": "2024-09-20 06:27:43 +0000"
    },
    "done": true
  },
  "vanilla_refresh:biome/taiga": {
    "criteria": {
      "requirement": "2024-09-20 06:27:52 +0000"
    },
    "done": true
  },
  "blazeandcave:potion/a_much_more_doable_challenge": {
    "criteria": {
      "speed": "2024-09-20 06:28:10 +0000",
      "levitation": "2024-09-21 02:37:10 +0000",
      "slow_falling": "2024-09-21 02:37:10 +0000"
    },
    "done": false
  },
  "blazeandcave:farming/disen_berry_berry_bad": {
    "criteria": {
      "age3": "2024-09-20 06:29:13 +0000"
    },
    "done": true
  },
  "blazeandcave:biomes/kilometre_walk": {
    "criteria": {
      "outer_pos_x": "2024-09-20 06:29:44 +0000"
    },
    "done": true
  },
  "blazeandcave:mining/heart_of_darkness": {
    "criteria": {
      "enter_cave": "2024-09-20 06:30:05 +0000"
    },
    "done": true
  },
  "blazeandcave:mining/spelunker": {
    "criteria": {
      "dripstone_caves": "2024-09-20 06:30:07 +0000"
    },
    "done": false
  },
  "vanilla_refresh:biome/dripstone_caves": {
    "criteria": {
      "requirement": "2024-09-20 06:30:08 +0000"
    },
    "done": true
  },
  "blazeandcave:biomes/pushed_around": {
    "criteria": {
      "enter_water": "2024-09-20 06:30:21 +0000"
    },
    "done": true
  },
  "vanilla_refresh:biome/swamp": {
    "criteria": {
      "requirement": "2024-09-20 06:30:40 +0000"
    },
    "done": true
  },
  "blazeandcave:biomes/overgrown": {
    "criteria": {
      "swamp": "2024-09-20 06:30:40 +0000"
    },
    "done": false
  },
  "blazeandcave:biomes/tarzan": {
    "criteria": {
      "enter_vine": "2024-09-20 06:31:13 +0000"
    },
    "done": true
  },
  "vanilla_refresh:biome/forest": {
    "criteria": {
      "requirement": "2024-09-20 06:32:02 +0000"
    },
    "done": true
  },
  "blazeandcave:statistics/the_first_night": {
    "criteria": {
      "trigger": "2024-09-20 06:37:32 +0000"
    },
    "done": true
  },
  "blazeandcave:statistics/root": {
    "criteria": {
      "the_first_night": "2024-09-20 06:37:32 +0000"
    },
    "done": true
  },
  "blazeandcave:bacap/statistics_milestone": {
    "criteria": {
      "take_to_the_skies": "2024-09-21 02:42:40 +0000",
      "root": "2024-09-20 06:37:33 +0000",
      "spring_in_your_step": "2024-09-21 02:34:58 +0000",
      "the_first_night": "2024-09-20 06:37:32 +0000"
    },
    "done": false
  },
  "blazeandcave:technical/stat_branch2_mid": {
    "criteria": {
      "root": "2024-09-20 06:37:33 +0000"
    },
    "done": true
  },
  "blazeandcave:technical/stat_branch6_mid": {
    "criteria": {
      "root": "2024-09-20 06:37:33 +0000"
    },
    "done": true
  },
  "blazeandcave:technical/stat_branch1_mid": {
    "criteria": {
      "root": "2024-09-20 06:37:33 +0000"
    },
    "done": true
  },
  "blazeandcave:technical/stat_branch5_mid": {
    "criteria": {
      "root": "2024-09-20 06:37:33 +0000"
    },
    "done": true
  },
  "blazeandcave:technical/stat_branch9_mid": {
    "criteria": {
      "root": "2024-09-20 06:37:33 +0000"
    },
    "done": true
  },
  "blazeandcave:technical/stat_branch4_mid": {
    "criteria": {
      "root": "2024-09-20 06:37:33 +0000"
    },
    "done": true
  },
  "blazeandcave:technical/stat_branch8_mid": {
    "criteria": {
      "root": "2024-09-20 06:37:33 +0000"
    },
    "done": true
  },
  "blazeandcave:technical/stat_branch3_mid": {
    "criteria": {
      "root": "2024-09-20 06:37:33 +0000"
    },
    "done": true
  },
  "blazeandcave:technical/stat_branch7_mid": {
    "criteria": {
      "root": "2024-09-20 06:37:33 +0000"
    },
    "done": true
  },
  "minecraft:recipes/transportation/spruce_chest_boat": {
    "criteria": {
      "has_boat": "2024-09-20 06:38:07 +0000"
    },
    "done": true
  },
  "minecraft:recipes/transportation/jungle_chest_boat": {
    "criteria": {
      "has_boat": "2024-09-20 06:38:07 +0000"
    },
    "done": true
  },
  "minecraft:recipes/transportation/mangrove_chest_boat": {
    "criteria": {
      "has_boat": "2024-09-20 06:38:07 +0000"
    },
    "done": true
  },
  "minecraft:recipes/transportation/oak_chest_boat": {
    "criteria": {
      "has_boat": "2024-09-20 06:38:07 +0000"
    },
    "done": true
  },
  "minecraft:recipes/transportation/bamboo_chest_raft": {
    "criteria": {
      "has_boat": "2024-09-20 06:38:07 +0000"
    },
    "done": true
  },
  "minecraft:recipes/transportation/acacia_chest_boat": {
    "criteria": {
      "has_boat": "2024-09-20 06:38:07 +0000"
    },
    "done": true
  },
  "minecraft:recipes/transportation/cherry_chest_boat": {
    "criteria": {
      "has_boat": "2024-09-20 06:38:07 +0000"
    },
    "done": true
  },
  "minecraft:recipes/transportation/birch_chest_boat": {
    "criteria": {
      "has_boat": "2024-09-20 06:38:07 +0000"
    },
    "done": true
  },
  "minecraft:recipes/transportation/dark_oak_chest_boat": {
    "criteria": {
      "has_boat": "2024-09-20 06:38:07 +0000"
    },
    "done": true
  },
  "blazeandcave:building/professor_oak": {
    "criteria": {
      "oak_log": "2024-09-20 06:40:52 +0000",
      "oak_boat": "2024-09-20 06:38:07 +0000",
      "stripped_oak_log": "2024-09-20 06:40:58 +0000"
    },
    "done": false
  },
  "blazeandcave:building/spruce_lee": {
    "criteria": {
      "spruce_boat": "2024-09-20 06:38:20 +0000"
    },
    "done": false
  },
  "blazeandcave:biomes/boaty_mcboatface": {
    "criteria": {
      "boat": "2024-09-20 06:38:28 +0000"
    },
    "done": true
  },
  "minecraft:recipes/misc/red_dye_from_poppy": {
    "criteria": {
      "has_poppy": "2024-09-20 06:40:44 +0000"
    },
    "done": true
  },
  "blazeandcave:enchanting/complete_enchanter": {
    "criteria": {
      "feather_falling_book": "2024-09-21 02:37:05 +0000",
      "unbreaking": "2024-09-20 06:40:44 +0000"
    },
    "done": false
  },
  "blazeandcave:biomes/flower_power": {
    "criteria": {
      "poppy": "2024-09-20 06:40:44 +0000"
    },
    "done": false
  },
  "blazeandcave:challenges/ultimate_enchanter": {
    "criteria": {
      "feather_falling3_book": "2024-09-21 02:37:05 +0000",
      "unbreaking1": "2024-09-20 06:40:44 +0000"
    },
    "done": false
  },
  "blazeandcave:biomes/for_you_my_sweet": {
    "criteria": {
      "poppy": "2024-09-20 06:40:44 +0000"
    },
    "done": true
  },
  "blazeandcave:building/yay_i_got_my_wood": {
    "criteria": {
      "oak_log": "2024-09-20 06:40:52 +0000"
    },
    "done": false
  },
  "minecraft:recipes/misc/charcoal": {
    "criteria": {
      "has_log": "2024-09-20 06:40:52 +0000"
    },
    "done": true
  },
  "minecraft:recipes/building_blocks/oak_planks": {
    "criteria": {
      "has_logs": "2024-09-20 06:40:52 +0000"
    },
    "done": true
  },
  "minecraft:recipes/building_blocks/oak_wood": {
    "criteria": {
      "has_log": "2024-09-20 06:40:52 +0000"
    },
    "done": true
  },
  "blazeandcave:bacap/getting_wood": {
    "criteria": {
      "oak_log": "2024-09-20 06:40:52 +0000"
    },
    "done": true
  },
  "blazeandcave:building/stripper": {
    "criteria": {
      "stripped_oak_log": "2024-09-20 06:40:53 +0000"
    },
    "done": false
  },
  "minecraft:recipes/decorations/oak_hanging_sign": {
    "criteria": {
      "has_stripped_logs": "2024-09-20 06:40:58 +0000"
    },
    "done": true
  },
  "minecraft:recipes/building_blocks/stripped_oak_wood": {
    "criteria": {
      "has_log": "2024-09-20 06:40:58 +0000"
    },
    "done": true
  },
  "minecraft:recipes/decorations/chest": {
    "criteria": {
      "has_lots_of_items": "2024-09-20 06:47:34 +0000"
    },
    "done": true
  },
  "blazeandcave:farming/die_potato": {
    "criteria": {
      "baked_potato": "2024-09-20 06:47:34 +0000"
    },
    "done": true
  },
  "minecraft:recipes/food/baked_potato_from_campfire_cooking": {
    "criteria": {
      "has_potato": "2024-09-20 06:47:34 +0000"
    },
    "done": true
  },
  "minecraft:recipes/food/baked_potato": {
    "criteria": {
      "has_potato": "2024-09-20 06:47:34 +0000"
    },
    "done": true
  },
  "blazeandcave:farming/vegetarian": {
    "criteria": {
      "baked_potato": "2024-09-20 06:47:34 +0000"
    },
    "done": false
  },
  "minecraft:husbandry/root": {
    "criteria": {
      "consumed_item": "2024-09-20 06:47:34 +0000"
    },
    "done": true
  },
  "minecraft:recipes/food/baked_potato_from_smoking": {
    "criteria": {
      "has_potato": "2024-09-20 06:47:34 +0000"
    },
    "done": true
  },
  "minecraft:husbandry/balanced_diet": {
    "criteria": {
      "baked_potato": "2024-09-20 06:47:34 +0000"
    },
    "done": false
  },
  "blazeandcave:bacap/animal_milestone": {
    "criteria": {
      "root": "2024-09-20 06:47:35 +0000"
    },
    "done": false
  },
  "vanilla_refresh:biome/snowy_mountains": {
    "criteria": {
      "requirement": "2024-09-20 06:48:20 +0000"
    },
    "done": true
  },
  "vanilla_refresh:biome/meadows": {
    "criteria": {
      "requirement": "2024-09-20 06:48:27 +0000"
    },
    "done": true
  },
  "blazeandcave:adventure/raidin_master": {
    "criteria": {
      "village_taiga": "2024-09-20 06:52:04 +0000",
      "igloo": "2024-09-21 02:35:07 +0000",
      "village_plains": "2024-09-20 06:48:57 +0000"
    },
    "done": false
  },
  "blazeandcave:adventure/do_you_want_to_trade": {
    "criteria": {
      "village": "2024-09-20 06:48:57 +0000"
    },
    "done": true
  },
  "blazeandcave:bacap/adventure_milestone": {
    "criteria": {
      "root": "2024-09-20 06:57:22 +0000",
      "do_you_want_to_trade": "2024-09-20 06:48:58 +0000",
      "secret_of_the_igloo": "2024-09-21 02:35:08 +0000"
    },
    "done": false
  },
  "blazeandcave:biomes/root": {
    "criteria": {
      "killed_by_something": "2024-09-20 06:57:22 +0000"
    },
    "done": true
  },
  "minecraft:adventure/root": {
    "criteria": {
      "killed_by_something": "2024-09-20 06:57:22 +0000"
    },
    "done": true
  },
  "blazeandcave:challenges/death_from_all": {
    "criteria": {
      "skeleton": "2024-09-20 06:57:22 +0000"
    },
    "done": false
  },
  "vanilla_refresh:player/hurt": {
    "criteria": {
      "requirement": "2024-09-20 06:57:30 +0000"
    },
    "done": true
  },
  "incendium:technical/sentrys_wrath": {
    "criteria": {
      "log_spam_fixer": "2024-09-21 02:47:25 +0000"
    },
    "done": false
  },
  "incendium:technical/on_player_hurt": {
    "criteria": {
      "log_spam_fixer": "2024-09-21 02:47:25 +0000"
    },
    "done": false
  },
  "incendium:technical/on_kill": {
    "criteria": {
      "log_spam_fixer": "2024-09-21 02:47:25 +0000"
    },
    "done": false
  },
  "incendium:technical/on_inventory_change": {
    "criteria": {
      "log_spam_fixer": "2024-09-21 02:47:25 +0000"
    },
    "done": false
  },
  "incendium:technical/holy_wrath": {
    "criteria": {
      "log_spam_fixer": "2024-09-21 02:47:25 +0000"
    },
    "done": false
  },
  "incendium:technical/on_block": {
    "criteria": {
      "log_spam_fixer": "2024-09-21 02:47:25 +0000"
    },
    "done": false
  },
  "incendium:technical/inventory/sentrys_wrath": {
    "criteria": {
      "log_spam_fixer": "2024-09-21 02:47:25 +0000"
    },
    "done": false
  },
  "incendium:technical/feed_ghastling": {
    "criteria": {
      "log_spam_fixer": "2024-09-21 02:47:25 +0000"
    },
    "done": false
  },
  "incendium:technical/firestorm": {
    "criteria": {
      "log_spam_fixer": "2024-09-21 02:47:25 +0000"
    },
    "done": false
  },
  "incendium:technical/inventory/firestorm": {
    "criteria": {
      "log_spam_fixer": "2024-09-21 02:47:25 +0000"
    },
    "done": false
  },
  "incendium:technical/give_ghastling": {
    "criteria": {
      "log_spam_fixer": "2024-09-21 02:47:25 +0000"
    },
    "done": false
  },
  "incendium:technical/multiplex_crossbow": {
    "criteria": {
      "log_spam_fixer": "2024-09-21 02:47:25 +0000"
    },
    "done": false
  },
  "blazeandcave:challenges/root": {
    "criteria": {
      "elytra": "2024-09-21 02:36:48 +0000"
    },
    "done": true
  },
  "blazeandcave:technical/branch2_end": {
    "criteria": {
      "root": "2024-09-21 02:36:48 +0000"
    },
    "done": true
  },
  "blazeandcave:bacap/end_milestone": {
    "criteria": {
      "sky_high": "2024-09-21 02:37:06 +0000",
      "skys_the_limit": "2024-09-21 02:36:48 +0000",
      "great_view_from_up_here": "2024-09-21 02:37:14 +0000"
    },
    "done": false
  },
  "blazeandcave:statistics/take_to_the_skies": {
    "criteria": {
      "trigger": "2024-09-21 02:42:39 +0000"
    },
    "done": true
  },
  "blazeandcave:technical/branch6_end": {
    "criteria": {
      "root": "2024-09-21 02:36:48 +0000"
    },
    "done": true
  },
  "blazeandcave:weaponry/multiclassed": {
    "criteria": {
      "sword": "2024-09-21 02:43:20 +0000"
    },
    "done": false
  },
  "blazeandcave:technical/branch1_end": {
    "criteria": {
      "root": "2024-09-21 02:36:48 +0000"
    },
    "done": true
  },
  "nfb_dimensions:beyond_the_clouds/find_sky_village": {
    "criteria": {
      "sky_village": "2024-09-21 02:38:17 +0000"
    },
    "done": true
  },
  "blazeandcave:technical/branch5_end": {
    "criteria": {
      "root": "2024-09-21 02:36:48 +0000"
    },
    "done": true
  },
  "nfb_dimensions:beyond_the_clouds/explore_clouds": {
    "criteria": {
      "frozen_grove_islands": "2024-09-21 02:37:10 +0000",
      "cherry_islands": "2024-09-21 02:38:45 +0000"
    },
    "done": false
  },
  "minecraft:end/elytra": {
    "criteria": {
      "elytra": "2024-09-21 02:36:48 +0000"
    },
    "done": true
  },
  "blazeandcave:end/sky_high": {
    "criteria": {
      "world_height": "2024-09-21 02:37:05 +0000"
    },
    "done": true
  },
  "blazeandcave:technical/branch8_end": {
    "criteria": {
      "root": "2024-09-21 02:36:48 +0000"
    },
    "done": true
  },
  "blazeandcave:adventure/chromatic_armory": {
    "criteria": {
      "gold": "2024-09-21 02:37:25 +0000"
    },
    "done": false
  },
  "blazeandcave:weaponry/fireworks_display": {
    "criteria": {
      "firework_rocket": "2024-09-21 02:36:52 +0000"
    },
    "done": true
  },
  "blazeandcave:challenges/im_in_space": {
    "criteria": {
      "levitated": "2024-09-21 02:37:25 +0000"
    },
    "done": true
  },
  "minecraft:recipes/misc/iron_nugget_from_smelting": {
    "criteria": {
      "has_iron_helmet": "2024-09-21 02:37:25 +0000"
    },
    "done": true
  },
  "minecraft:end/levitate": {
    "criteria": {
      "levitated": "2024-09-21 02:37:13 +0000"
    },
    "done": true
  },
  "blazeandcave:technical/branch4_end": {
    "criteria": {
      "root": "2024-09-21 02:36:48 +0000"
    },
    "done": true
  },
  "mt:entity_hit_system/on_hit": {
    "criteria": {
      "not_target": "2024-09-21 02:43:20 +0000"
    },
    "done": false
  },
  "blazeandcave:bacap/challenges_milestone": {
    "criteria": {
      "im_in_space": "2024-09-21 02:37:25 +0000",
      "root": "2024-09-21 02:36:48 +0000"
    },
    "done": false
  },
  "nfb_dimensions:beyond_the_clouds/root": {
    "criteria": {
      "reach_dimension": "2024-09-21 02:37:10 +0000"
    },
    "done": true
  },
  "blazeandcave:adventure/secret_of_the_igloo": {
    "criteria": {
      "igloo": "2024-09-21 02:35:07 +0000"
    },
    "done": true
  },
  "blazeandcave:technical/branch3_end": {
    "criteria": {
      "root": "2024-09-21 02:36:48 +0000"
    },
    "done": true
  },
  "blazeandcave:bacap/building_milestone": {
    "criteria": {
      "ladder_climbers_inc": "2024-09-21 02:35:17 +0000"
    },
    "done": false
  },
  "blazeandcave:technical/branch7_end": {
    "criteria": {
      "root": "2024-09-21 02:36:48 +0000"
    },
    "done": true
  },
  "blazeandcave:building/ladder_climbers_inc": {
    "criteria": {
      "enter_ladder": "2024-09-21 02:35:16 +0000"
    },
    "done": true
  },
  "minecraft:recipes/misc/iron_nugget_from_blasting": {
    "criteria": {
      "has_iron_helmet": "2024-09-21 02:37:25 +0000"
    },
    "done": true
  },
  "blazeandcave:statistics/spring_in_your_step": {
    "criteria": {
      "trigger": "2024-09-21 02:34:57 +0000"
    },
    "done": true
  },
  "DataVersion": 3700
}