{
  "minecraft:recipes/decorations/crafting_table": {
    "criteria": {
      "unlock_right_away": "2024-09-20 06:03:51 +0000"
    },
    "done": true
  },
  "minecraft:recipes/decorations/torch": {
    "criteria": {
      "has_stone_pickaxe": "2024-09-20 06:03:52 +0000"
    },
    "done": true
  },
  "minecraft:story/upgrade_tools": {
    "criteria": {
      "stone_pickaxe": "2024-09-20 06:03:52 +0000"
    },
    "done": true
  },
  "minecraft:adventure/adventuring_time": {
    "criteria": {
      "frozen_ocean": "2024-09-20 06:18:45 +0000",
      "snowy_plains": "2024-09-20 06:21:50 +0000",
      "beach": "2024-09-20 06:19:43 +0000",
      "cold_ocean": "2024-09-20 06:22:07 +0000",
      "river": "2024-09-20 06:22:17 +0000"
    },
    "done": false
  },
  "vanilla_refresh:player/hurt": {
    "criteria": {
      "requirement": "2024-09-20 06:18:52 +0000"
    },
    "done": true
  },
  "incendium:technical/sentrys_wrath": {
    "criteria": {
      "log_spam_fixer": "2024-09-20 06:23:30 +0000"
    },
    "done": false
  },
  "blazeandcave:biomes/the_sea_calls_you": {
    "criteria": {
      "ocean": "2024-09-20 06:18:45 +0000"
    },
    "done": true
  },
  "vanilla_refresh:biome/snowy_plains": {
    "criteria": {
      "requirement": "2024-09-20 06:21:50 +0000"
    },
    "done": true
  },
  "blazeandcave:bacap/advancement_legend": {
    "criteria": {
      "time_to_strike": "2024-09-20 06:18:45 +0000",
      "bacap_root": "2024-09-20 06:18:45 +0000",
      "monsters_root": "2024-09-20 06:18:45 +0000",
      "smooth_operator": "2024-09-20 06:18:45 +0000",
      "time_to_mine": "2024-09-20 06:18:45 +0000",
      "mining_root": "2024-09-20 06:18:45 +0000",
      "time_to_dig": "2024-09-20 06:18:45 +0000",
      "just_keep_swimming": "2024-09-20 06:18:55 +0000",
      "weaponry_root": "2024-09-20 06:18:45 +0000",
      "the_sea_calls_you": "2024-09-20 06:18:45 +0000",
      "thin_ice": "2024-09-20 06:21:42 +0000",
      "time_to_chop": "2024-09-20 06:18:45 +0000",
      "getting_an_upgrade": "2024-09-20 06:18:45 +0000"
    },
    "done": false
  },
  "stellarity:cursed_tome/root": {
    "criteria": {
      "requirement": "2024-09-20 06:18:44 +0000"
    },
    "done": true
  },
  "incendium:technical/on_player_hurt": {
    "criteria": {
      "log_spam_fixer": "2024-09-20 06:23:30 +0000"
    },
    "done": false
  },
  "minecraft:recipes/transportation/cherry_boat": {
    "criteria": {
      "in_water": "2024-09-20 06:18:55 +0000"
    },
    "done": true
  },
  "furnaceplus:furnaceplus": {
    "criteria": {
      "trigger": "2024-09-20 06:18:44 +0000"
    },
    "done": true
  },
  "blazeandcave:bacap/biomes_milestone": {
    "criteria": {
      "just_keep_swimming": "2024-09-20 06:18:55 +0000",
      "smooth_operator": "2024-09-20 06:18:45 +0000",
      "the_sea_calls_you": "2024-09-20 06:18:45 +0000",
      "thin_ice": "2024-09-20 06:21:42 +0000"
    },
    "done": false
  },
  "ketket_shops:sp_adv_1": {
    "criteria": {
      "requirement": "2024-09-20 06:18:45 +0000"
    },
    "done": true
  },
  "minecraft:recipes/transportation/bamboo_raft": {
    "criteria": {
      "in_water": "2024-09-20 06:18:55 +0000"
    },
    "done": true
  },
  "blazeandcave:bacap/time_to_chop": {
    "criteria": {
      "stone_axe": "2024-09-20 06:18:44 +0000"
    },
    "done": true
  },
  "blazeandcave:challenges/explorer_of_worlds": {
    "criteria": {
      "frozen_ocean": "2024-09-20 06:18:45 +0000",
      "frozen_river": "2024-09-20 06:22:17 +0000",
      "snowy_plains": "2024-09-20 06:21:50 +0000",
      "cold_ocean": "2024-09-20 06:22:07 +0000",
      "snowy_beach": "2024-09-20 06:19:43 +0000"
    },
    "done": false
  },
  "vanilla_refresh:player/end_teleport": {
    "criteria": {
      "s3": "2024-09-20 06:18:44 +0000"
    },
    "done": false
  },
  "incendium:technical/new_player": {
    "criteria": {
      "requirement": "2024-09-20 06:18:44 +0000"
    },
    "done": true
  },
  "blazeandcave:bacap/weaponry_milestone": {
    "criteria": {
      "root": "2024-09-20 06:18:45 +0000"
    },
    "done": false
  },
  "incendium:technical/on_kill": {
    "criteria": {
      "log_spam_fixer": "2024-09-20 06:23:30 +0000"
    },
    "done": false
  },
  "blazeandcave:bacap/root": {
    "criteria": {
      "location": "2024-09-20 06:18:45 +0000"
    },
    "done": true
  },
  "incendium:technical/on_inventory_change": {
    "criteria": {
      "log_spam_fixer": "2024-09-20 06:23:30 +0000"
    },
    "done": false
  },
  "blazeandcave:biomes/smooth_operator": {
    "criteria": {
      "smooth_operator": "2024-09-20 06:18:45 +0000"
    },
    "done": true
  },
  "vanilla_refresh:biome/ocean": {
    "criteria": {
      "requirement": "2024-09-20 06:18:55 +0000"
    },
    "done": true
  },
  "mt:load": {
    "criteria": {
      "requirement": "2024-09-20 06:18:44 +0000"
    },
    "done": true
  },
  "blazeandcave:bacap/time_to_strike": {
    "criteria": {
      "stone_sword": "2024-09-20 06:18:44 +0000"
    },
    "done": true
  },
  "blazeandcave:biomes/thin_ice": {
    "criteria": {
      "ice": "2024-09-20 06:21:42 +0000"
    },
    "done": true
  },
  "minecraft:recipes/transportation/acacia_boat": {
    "criteria": {
      "in_water": "2024-09-20 06:18:55 +0000"
    },
    "done": true
  },
  "incendium:technical/holy_wrath": {
    "criteria": {
      "log_spam_fixer": "2024-09-20 06:23:30 +0000"
    },
    "done": false
  },
  "incendium:technical/on_block": {
    "criteria": {
      "log_spam_fixer": "2024-09-20 06:23:30 +0000"
    },
    "done": false
  },
  "blazeandcave:bacap/time_to_dig": {
    "criteria": {
      "stone_shovel": "2024-09-20 06:18:44 +0000"
    },
    "done": true
  },
  "incendium:technical/using/shield": {
    "criteria": {
      "log_spam_fixer": "2024-09-20 06:18:45 +0000"
    },
    "done": false
  },
  "blazeandcave:mining/moar_tools": {
    "criteria": {
      "stone_shovel": "2024-09-20 06:18:44 +0000",
      "stone_pickaxe": "2024-09-20 06:18:44 +0000",
      "stone_axe": "2024-09-20 06:18:44 +0000"
    },
    "done": false
  },
  "minecraft:recipes/transportation/jungle_boat": {
    "criteria": {
      "in_water": "2024-09-20 06:18:55 +0000"
    },
    "done": true
  },
  "blazeandcave:weaponry/root": {
    "criteria": {
      "sword": "2024-09-20 06:18:44 +0000"
    },
    "done": true
  },
  "incendium:technical/inventory/sentrys_wrath": {
    "criteria": {
      "log_spam_fixer": "2024-09-20 06:23:30 +0000"
    },
    "done": false
  },
  "blazeandcave:challenges/stack_all_the_items": {
    "criteria": {
      "stone_shovel": "2024-09-20 06:18:44 +0000",
      "stone_sword": "2024-09-20 06:18:44 +0000",
      "stone_pickaxe": "2024-09-20 06:18:44 +0000",
      "stone_axe": "2024-09-20 06:18:44 +0000"
    },
    "done": false
  },
  "incendium:technical/feed_ghastling": {
    "criteria": {
      "log_spam_fixer": "2024-09-20 06:23:30 +0000"
    },
    "done": false
  },
  "blazeandcave:challenges/all_the_blocks": {
    "criteria": {
      "ice": "2024-09-20 06:21:42 +0000"
    },
    "done": false
  },
  "blazeandcave:bacap/time_to_mine": {
    "criteria": {
      "stone_pickaxe": "2024-09-20 06:18:44 +0000"
    },
    "done": true
  },
  "incendium:technical/firestorm": {
    "criteria": {
      "log_spam_fixer": "2024-09-20 06:23:30 +0000"
    },
    "done": false
  },
  "minecraft:recipes/building_blocks/packed_ice": {
    "criteria": {
      "has_ice": "2024-09-20 06:21:42 +0000"
    },
    "done": true
  },
  "minecraft:recipes/transportation/spruce_boat": {
    "criteria": {
      "in_water": "2024-09-20 06:18:55 +0000"
    },
    "done": true
  },
  "minecraft:recipes/transportation/birch_boat": {
    "criteria": {
      "in_water": "2024-09-20 06:18:55 +0000"
    },
    "done": true
  },
  "incendium:technical/inventory/firestorm": {
    "criteria": {
      "log_spam_fixer": "2024-09-20 06:23:30 +0000"
    },
    "done": false
  },
  "minecraft:recipes/transportation/oak_boat": {
    "criteria": {
      "in_water": "2024-09-20 06:18:55 +0000"
    },
    "done": true
  },
  "global:root": {
    "criteria": {
      "trigger": "2024-09-20 06:18:44 +0000"
    },
    "done": true
  },
  "incendium:technical/give_ghastling": {
    "criteria": {
      "log_spam_fixer": "2024-09-20 06:23:30 +0000"
    },
    "done": false
  },
  "minecraft:recipes/transportation/mangrove_boat": {
    "criteria": {
      "in_water": "2024-09-20 06:18:55 +0000"
    },
    "done": true
  },
  "incendium:technical/scroll_of_returning": {
    "criteria": {
      "log_spam_fixer": "2024-09-20 06:18:45 +0000"
    },
    "done": false
  },
  "global:dataplus": {
    "criteria": {
      "trigger": "2024-09-20 06:18:44 +0000"
    },
    "done": true
  },
  "blazeandcave:bacap/mining_milestone": {
    "criteria": {
      "root": "2024-09-20 06:18:45 +0000",
      "getting_an_upgrade": "2024-09-20 06:18:45 +0000"
    },
    "done": false
  },
  "incendium:technical/multiplex_crossbow": {
    "criteria": {
      "log_spam_fixer": "2024-09-20 06:23:30 +0000"
    },
    "done": false
  },
  "blazeandcave:mining/root": {
    "criteria": {
      "pickaxe": "2024-09-20 06:18:44 +0000"
    },
    "done": true
  },
  "incendium:technical/using/ragnarok": {
    "criteria": {
      "log_spam_fixer": "2024-09-20 06:18:45 +0000"
    },
    "done": false
  },
  "blazeandcave:biomes/just_keep_swimming": {
    "criteria": {
      "enter_water": "2024-09-20 06:18:55 +0000"
    },
    "done": true
  },
  "blazeandcave:challenges/all_the_items": {
    "criteria": {
      "stone_shovel": "2024-09-20 06:18:44 +0000",
      "stone_sword": "2024-09-20 06:18:44 +0000",
      "stone_pickaxe": "2024-09-20 06:18:44 +0000",
      "stone_axe": "2024-09-20 06:18:44 +0000"
    },
    "done": false
  },
  "ketkets:main": {
    "criteria": {
      "requirement": "2024-09-20 06:18:45 +0000"
    },
    "done": true
  },
  "blazeandcave:bacap/monsters_milestone": {
    "criteria": {
      "root": "2024-09-20 06:18:45 +0000"
    },
    "done": false
  },
  "blazeandcave:technical/fail_dragon_vs": {
    "criteria": {
      "enter_water": "2024-09-20 06:18:55 +0000"
    },
    "done": true
  },
  "vanilla_refresh:player/tick": {
    "criteria": {
      "s": "2024-09-20 06:18:44 +0000"
    },
    "done": true
  },
  "blazeandcave:monsters/root": {
    "criteria": {
      "sword": "2024-09-20 06:18:44 +0000"
    },
    "done": true
  },
  "incendium:technical/using/trailblazer": {
    "criteria": {
      "log_spam_fixer": "2024-09-20 06:18:45 +0000"
    },
    "done": false
  },
  "blazeandcave:biomes/cold_feet": {
    "criteria": {
      "frozen_river": "2024-09-20 06:22:17 +0000",
      "snowy_plains": "2024-09-20 06:21:50 +0000",
      "snowy_beach": "2024-09-20 06:19:43 +0000"
    },
    "done": false
  },
  "blazeandcave:biomes/wet_feet": {
    "criteria": {
      "frozen_ocean": "2024-09-20 06:18:45 +0000",
      "cold_ocean": "2024-09-20 06:22:07 +0000"
    },
    "done": false
  },
  "global:z0rillac": {
    "criteria": {
      "trigger": "2024-09-20 06:18:44 +0000"
    },
    "done": true
  },
  "minecraft:recipes/transportation/dark_oak_boat": {
    "criteria": {
      "in_water": "2024-09-20 06:18:55 +0000"
    },
    "done": true
  },
  "DataVersion": 3700
}